"station_name","effort_window","effort_start","effort_end","n_receiver_deployments","receivers_used","latitude","longitude"
"2 mile 1",1,2015-07-22,2025-01-18 13:20:00,10,"125564, 119633, 119107, 123252, 133801, 133802, 123253, 136527",-27.51221667,32.68713333
"2 mile 2",1,2015-07-22,2025-01-18 12:52:00,10,"125566, 119622, 123194, 130588, 102852, 125565, 132290, 133802",-27.5122,32.69548333
"2MRR1",1,2016-05-11,2018-03-21,2,"123252, 125565",-27.52213333,32.68411667
"2MRR2",1,2016-05-11,2018-03-21,2,"123256, 125567",-27.51953333,32.69333333
"2MRR3",1,2016-05-11,2018-03-21,2,"123255, 123254",-27.52846667,32.68445
"2MRR4",1,2016-05-11,2018-03-21,2,"123253, 123257",-27.52883333,32.6912
"9 mile 1",1,2015-07-22,2025-01-18 12:01:00,9,"125565, 123254, 125564, 130590, 119633, 108760, 130588, 136534, 136525",-27.398572,32.730531
"9 mile 2",1,2015-07-22,2025-01-18 11:54:00,9,"125567, 123257, 125566, 130591, 123253, NA, 123252, 136521, 136530",-27.399796,32.736069
"AB001",1,2015-04-21 06:33:00,2025-07-20 11:40:00,20,"102299, 102283, 112435, 545671, 545668, 546757, 545679, 547830, 545740, 545758, 545747, 546758, 545759, 545749, 545756, 545678, 552849, 546762, 549908",-33.77736,26.31286
"AB002",1,2015-04-21 06:50:00,2025-07-20 11:28:00,20,"112345, 102285, 112462, 545672, 545669, 546758, 545739, 547831, 545749, 545679, 545750, 546775, 547829, 546765, 545741, 552850, 546768, 552856",-33.78538,26.31409
"AB003",1,2015-04-21 07:04:00,2025-07-20 11:15:00,20,"119109, 102851, 112474, 545673, 545670, 546759, 545751, 547832, 545755, 545739, 546764, 546771, 549807, 546769, 545744, 552851, 547831",-33.79314,26.31528
"AB004",1,2015-04-21 07:21:00,2025-07-20 11:06:00,20,"119173, 112418, 119098, 545674, 545750, 546760, 545756, 547833, 546755, 546786, 546772, 549569, 549808, 546771, 545747, 547828, 546765",-33.80161,26.31643
"AB005",1,2015-04-21 07:37:00,2025-07-20 10:57:00,20,"120155, 112441, 119171, 545675, 545755, 546761, 545759, 547834, 546760, 545754, 546774, 546765, 549809, 546776, 546780, 545752, 545669, 545744, 545668",-33.80974,26.31633
"AB006",1,2015-04-21 07:52:00,2016-04-15 09:47:00,2,"119161, 112468",-33.81775,26.31649
"AB006",2,2016-10-17 10:21:00,2025-07-20 10:47:00,17,"545676, 545756, 546769, 545757, 547835, 546764, 546781, 549563, 549810, 546783, 546782, 546761, 551316, 545675, 545679",-33.81775,26.31649
"AB007",1,2015-04-21 08:03:00,2025-07-20 10:37:00,20,"120164, 120152, 119619, 545677, 545758, 546778, 547836, 546765, 546761, 547827, 545672, 549908, 546785, 547831, 545754, 545673, 552859",-33.82578,26.31648
"ALS001",1,2022-10-12 10:10:00,2025-08-23 08:01:00,4,"112421, 114023, 119633, 136520",-30.26375,30.82854
"ALS002",1,2020-09-17 14:30:00,2025-08-23 08:40:00,6,"120150, 112347, 112473, 123203, 112443",-30.28107,30.81001
"ALS003",1,2020-09-18 10:15:00,2025-08-23 09:16:00,5,"126027, 119173, 120148, 120151, 119625",-30.37126,30.76117
"ALS004",1,2020-10-03 08:15:00,2025-08-23 10:24:00,5,"126034, 120159, 120149, 123191, 120139",-30.2543,30.78576
"AMA008",1,2022-03-10 11:16:00,2024-02-27 12:00:00,1,"124982",-32.73706352,28.32768817
"ARN001",1,2020-10-24 15:55:00,2021-04-02 11:19:00,1,"549803",-34.73321,20.15191
"ARN002",1,2021-04-25 16:02:00,2022-09-15 12:57:00,2,"549803",-34.67452,20.24844
"ATAP_Hougham",1,2019-11-14 11:26:00,2025-04-25 10:53:00,9,"119628, 546772, 545669, 549907, 545673, 545753, 546775, 545759, 552855",-33.78674,25.73234
"ATAP_Sundays Mouth",1,2019-11-14 10:00:00,2025-04-25 10:00:00,9,"112473, 545673, 546758, 546761, 545749, 545676, 546785, 549807, 546776",-33.73153,25.87346
"ATAP_Wells",1,2019-11-14 12:17:00,2025-04-25 11:20:00,9,"119617, 546759, 546755, 546774, 545679, 545671, 547826, 549563, 546786",-33.84098333,25.66153333
"BFB001",1,2022-09-14 10:37:00,2024-10-24 10:17:00,3,"551314, 549563, 545742",-34.31818,18.47375
"BFB001",2,2024-12-02 08:37:00,2025-05-24 11:08:00,1,"547823",-34.31818,18.47375
"BI East",1,2015-03-30,2016-03-29,1,"112818",-33.84231667,26.30338333
"BI North",1,2015-03-30,2016-03-29,1,"112819",-33.8536,26.28875
"BI South",1,2015-03-30,2016-03-29,1,"112817",-33.82605,26.29566667
"BLB001",1,2021-04-01 11:28:00,2025-03-20 07:35:00,6,"546762, 545671, 546768, 547823, 545753, 551308",-34.39336,21.08336
"BR001",1,2015-08-14 08:02:00,2019-07-04 11:36:00,4,"123187, 119168, 119620, 119110",-29.905283,31.046133
"BR001",2,2020-02-24 12:32:00,2023-02-28 07:47:00,3,"120171, 112385, 112380",-29.905283,31.046133
"BR002",1,2015-08-14 07:31:00,2021-12-10 09:21:00,7,"102854, 119635, 119172, 119621, 119168, 123186, 120152",-29.907867,31.050767
"BR002",2,2023-02-28 08:22:00,2025-06-20 09:30:00,2,"123553, 551313",-29.907867,31.050767
"BRD000",1,2018-03-01 15:06:00,2020-10-05 08:14:00,5,"545671, 546774, 545668, 547836, 546767",-34.3978,20.90157
"BRD001",1,2017-07-02 13:13:00,2018-02-28,1,"546780",-34.40063,20.87326
"BRD002",1,2016-10-10 12:19:00,2025-03-20 06:53:00,14,"119109, 546779, 545672, 546775, 545669, 547823, 545753, 545755, 545676, 547824, 547827, 545756",-34.40284,20.88126
"BRD003",1,2016-10-10 13:30:00,2018-03-01,2,"119173, 546782",-34.41353,20.8742
"BRD004",1,2016-10-10 13:40:00,2025-03-20 06:42:00,15,"119161, 120172, 546781, 545674, 546776, 545751, 546758, 547835, 545676, 547826, 546757, 547830, 546782, 546779",-34.4239,20.88554
"BRD005",1,2018-02-28 15:32:00,2021-03-31 16:04:00,6,"545673, 546778, 546785, 546771, 547833, 546757",-34.44269,20.89092
"BRE Check",1,2020-07-04 13:46:00,2021-11-08 13:55:00,3,"120166, 123188",-34.406908,20.807021
"BRE00",1,2016-09-14 09:35:00,2020-07-03 13:30:00,12,"102283, 126027",-34.40792,20.84281
"BRE02",1,2016-03-06 11:57:00,2020-07-02 11:32:00,11,"120148, 120136",-34.3987,20.82168
"BRE03",1,2016-03-06 11:24:00,2024-06-19 14:20:00,18,"120177, 123188, 104784",-34.40984,20.79869
"BRE04",1,2016-09-14 10:51:00,2017-10-19 10:00:00,4,"102853",-34.40693,20.79069
"BRE04",2,2018-05-28 10:45:00,2024-06-19 15:50:00,8,"120176, 133829",-34.40693,20.79069
"BRE05",1,2016-09-14 11:17:00,2024-06-19 15:00:00,15,"102854, 112431",-34.39456,20.75805
"BRE06",1,2016-09-14 11:33:00,2024-06-19 15:30:00,13,"112468",-34.39396,20.75242
"BRE07",1,2016-09-15 08:39:00,2020-07-03 08:45:00,9,"119097",-34.37348,20.7181
"BRE08",1,2016-09-15 08:57:00,2020-07-03 09:01:00,9,"119105, 119161",-34.36976,20.71504
"BRE09",1,2016-09-15 09:29:00,2020-07-03 09:20:00,11,"119632",-34.35905,20.68968
"BRE10",1,2016-09-15 09:55:00,2020-07-03 09:31:00,9,"120152",-34.35346,20.68885
"BRE11",1,2016-09-15 10:18:00,2020-07-03 09:50:00,9,"120166",-34.3523,20.64984
"BRE12",1,2016-09-15 12:34:00,2020-07-03 09:57:00,9,"123187",-34.35479,20.64561
"BRE13",1,2016-09-15 12:53:00,2020-07-03 10:12:00,9,"123197",-34.34874,20.6057
"BRE14",1,2016-09-15 13:06:00,2020-07-03 10:20:00,9,"123198",-34.35186,20.60169
"BWB Beach",1,2016-04-27,2017-10-21,1,"112817",-33.86176667,25.64263333
"BWB Beach",2,2017-12-15,2018-08-22,1,"112804",-33.86176667,25.64263333
"Bellbuoy",1,2015-06-22 13:30:00,2016-05-11,1,"5569",-33.98208,25.69397
"Bellbuoy",2,2016-11-05 12:30:00,2019-09-15 10:30:00,3,"113321, 5569",-33.98208,25.69397
"Berg002",1,2018-03-13 09:00:00,2019-02-09 12:45:00,1,"120141",-32.794117,18.19665
"Bird Island 1",1,2015-02-04,2025-04-10 10:17:00,20,"112443, 120132, 120129, 126034, 112419, 547129, 547846, 547153, 547132, 547155, 547135, 547134, 547861, 547162, 547144, 547843, 547852, 547862, 547166",-33.81273,26.31346
"Bird Island 2",1,2018-04-20,2025-04-10 09:43:00,14,"547144, 547845, 547158, 547140, 547843, 547136, 547129, 547862, 547132, 547847, 547131, 547161",-33.86869,26.29146
"Bird Island 80",1,2018-04-20,2025-04-10 09:07:00,14,"547130, 547137, 547151, 547136, 547158, 547139, 547842, 547131, 547165, 547865, 547129",-33.9032,26.30031
"Bird Island ADCP",1,2021-10-13 12:00:00,2023-03-16 23:00:00,3,"547862, 547840, 547134",-33.86388,26.30134
"Black Rock",1,2015-06-19 09:30:00,2017-08-02,2,"126067, 128999",-30.17018333,30.82951667
"Black Rocks inside",1,2015-03-30,2016-03-29,1,"112814",-33.83413333,26.26465
"Black Rocks inside",2,2021-04-06 09:31:00,2025-07-20 10:13:00,8,"545670, 545668, 549569, 546764, 546757, 551305",-33.83413333,26.26465
"Black Rocks outside",1,2015-03-30,2016-03-29,1,"112815",-33.84441667,26.261
"Bluff 30m",1,2022-02-03 09:32:00,2022-06-20 14:27:00,1,"547856",-29.91135,31.0587
"Bluff 30m",2,2023-06-21 08:05:00,2024-02-29 07:59:00,2,"547167, 547866",-29.91135,31.0587
"Bluff 60m",1,2022-02-03 09:50:00,2022-06-20 14:07:00,1,"547839",-29.92072,31.06742
"Bluff 60m",2,2023-06-21 07:46:00,2024-08-27 14:29:00,3,"547864, 547841, 547129",-29.92072,31.06742
"Bluff 80m",1,2022-02-03 10:10:00,2022-06-20 13:17:00,1,"547841",-29.93493,31.08236
"Bluff 80m",2,2023-06-21 07:21:00,2024-08-27 13:58:00,3,"547854, 547858, 547161",-29.93493,31.08236
"Blythedale",1,2015-03-11 09:00:00,2016-06-28,1,"126059",-29.37578333,31.35431667
"Breede",1,2016-03-16 10:20:00,2024-06-19 14:00:00,16,"119104, 112434, 119628",-34.39735,20.83526
"Breede Top",1,2017-10-21 13:55:00,2019-12-11 11:32:00,2,"112374",-34.26002,20.55331
"Brenton shallow",1,2015-04-28 11:00:00,2025-06-06 10:59:00,8,"3591, 104784, 119619, 120148, 131729, 112347",-33.81618,25.76356
"Bushmans",1,2015-01-09 13:00:00,2025-03-06 15:10:00,10,"102289, 112443, 120176, 112471, 120147, 119099, 133827, 124980, 138876",-33.68519,26.66257
"CAR_AB001",1,2024-02-22 09:34:00,2024-12-18 16:48:00,1,"106610",-33.78284,25.72909
"CAR_AB002",1,2024-02-22 09:45:00,2024-12-18 16:18:00,1,"110163",-33.76756,25.75908
"CAR_AB003",1,2024-02-22 09:49:00,2024-12-18 12:47:00,1,"106601",-33.77143,25.76217
"CAR_AB004",1,2024-02-22 10:08:00,2025-01-10 11:25:00,1,"109137",-33.75151,25.79113
"CAR_AB005",1,2024-02-22 10:22:00,2025-01-10 10:36:00,1,"106616",-33.73802,25.82448
"CAR_AB006",1,2024-02-22 10:35:00,2025-01-10 09:45:00,1,"119098",-33.74455,25.82759
"CAS001",1,2019-06-12 07:30:00,2025-06-27 08:45:00,6,"123188, 133824, 119168, 119099, 126050, 133826",-31.1066,30.19351667
"CP001",1,2015-03-14 14:06:00,2018-10-08 13:11:00,6,"123193, 112419, 123190, 545742, 546766, 545752",-34.3355,18.48023
"CP001",2,2019-11-11 13:42:00,2020-04-16 14:46:00,1,"545746",-34.3355,18.48023
"CP001",3,2020-09-04 11:58:00,2025-06-24 09:43:00,8,"546780, 545675, 546775, 546787, 546785, 551307, 550571, 547835",-34.3355,18.48023
"CP002",1,2015-03-14 13:26:00,2020-04-16 14:20:00,9,"119620, 119110, 123192, 545754, 546767, 545753, 546770, 545747, 547826",-34.33209,18.48548
"CP002",2,2020-09-04 11:55:00,2025-05-25 10:04:00,8,"547832, 545757, 547823, 546770, 549809, 545759, 550572, 549565",-34.33209,18.48548
"CP003",1,2015-03-14 13:06:00,2020-04-16 14:22:00,9,"120145, 120128, 123201, 545757, 546768, 545754, 546772, 546767, 545745",-34.32892,18.49085
"CP003",2,2020-09-04 11:46:00,2025-05-25 10:44:00,8,"545756, 546785, 547828, 546762, 551316, 546779, 545743, 551309",-34.32892,18.49085
"CSB001",1,2015-05-21 10:58:00,2015-10-05 08:40:00,1,"112436",-34.182233,22.175367
"CSB001",2,2015-11-16 11:42:00,2025-04-25 15:03:00,17,"119625, 119630, 120128, 112373, 545743, 546768, 546761, 546759, 545755, 545757, 546760, 546782, 545668, 552856, 547830, 546767",-34.182233,22.175367
"CSB002",1,2015-05-21 10:37:00,2025-04-25 14:53:00,18,"120149, 119627, 119631, 120157, 112375, 545744, 546777, 546769, 546778, 546765, 546762, 546764, 547831, 546773, 546776, 552857, 546758, 552852",-34.188067,22.182083
"CSB003",1,2015-05-21 10:17:00,2016-05-16,2,"120176, 119107",-34.19325,22.188183
"CSB003",2,2016-11-25 12:58:00,2025-04-25 15:22:00,15,"120164, 112439, 545745, 546784, 545759, 545741, 545669, 546786, 545747, 547832, 549807, 551309, 552859, 547831, 552854",-34.19325,22.188183
"CSF001",1,2022-02-17 10:45:00,2022-12-06 11:44:00,1,"113583",-34.21539,24.851111
"CSF002",1,2022-02-17 10:52:00,2022-11-05 09:19:00,1,"113591",-34.21422,24.851091
"CSF003",1,2022-02-17 10:58:00,2022-12-06 10:19:00,1,"113595",-34.21428,24.852466
"CSF004",1,2022-02-17 11:02:00,2022-08-17 09:16:00,1,"113606",-34.21542,24.85254
"CSF005",1,2022-02-17 11:08:00,2022-08-17 10:04:00,1,"113608",-34.21659,24.85231
"CSF006",1,2022-02-17 11:11:00,2022-08-17 11:56:00,1,"114717",-34.21662,24.85114
"CSF007",1,2022-02-17 11:16:00,2022-11-05 13:20:00,1,"114718",-34.21663,24.84985
"CSF008",1,2022-02-17 12:50:00,2022-08-17 11:02:00,1,"119082",-34.21544,24.84977
"CSF009",1,2022-02-17 12:52:00,2022-08-17 10:26:00,1,"119085",-34.21405,24.84969
"CSF010",1,2022-02-17 12:55:00,2022-11-05 10:50:00,1,"120203",-34.2147,24.85031
"CSF011",1,2022-02-17 12:58:00,2022-08-17 09:44:00,1,"120206",-34.21476,24.85194
"Canyon001",1,2018-05-28 07:31:00,2020-06-03 09:00:00,4,"112350, 112372, 119165, 123185",-27.62491667,32.67756667
"Canyon002",1,2018-05-28 05:44:00,2020-06-05 08:15:00,4,"112380, 112386, 120139, 126036",-27.83783333,32.62063333
"Canyon003",1,2018-05-28 05:00:00,2020-06-04 09:00:00,4,"112381, 119619, 126043, 131733",-27.91305,32.6181
"Canyon004",1,2018-06-26 22:35:00,2020-03-20 10:30:00,3,"112421, 119630, 126035",-30.7571,30.58046667
"Canyon005",1,2018-06-26 23:08:00,2020-03-20 09:30:00,3,"112432, 119635, 119620",-30.83208333,30.52921667
"Canyon006",1,2018-06-26 23:42:00,2020-03-20 11:30:00,3,"112438, 123186, 126029",-30.89196667,30.47
"Cape Recife",1,2015-04-21 14:00:00,2025-06-06 09:21:00,8,"3593, 128593, 112386, 131729, 119631, 119167",-34.04525,25.69281
"Cape Recife Offshore 1",1,2015-04-23,2020-03-19,10,"112432, 119097, 102856, 126027, 102287, 119102, 547154, 547144, 547845, 547844",-34.03411,25.72771
"Cape Recife Offshore 1",2,2020-08-22,2024-07-17 11:15:00,8,"547136, 547852, 547154, 547144, 547860, 547139, 547129, 547145",-34.03411,25.72771
"Cape Recife Offshore 1",3,2025-01-09 11:45:00,2025-07-02 10:31:00,1,"547168",-34.03411,25.72771
"Cape Vidal",1,2022-03-06 08:27:00,2023-09-02,1,"136527",-28.12238,32.55614
"Central 60m",1,2015-02-20,2020-03-19,10,"120141, 112434, 102851, 126042, 120133, 123202, 547151, 547131, 547861, 547137",-33.88195,25.98585
"Central 60m",2,2020-06-08,2023-11-17 08:52:00,7,"547852, 547137, 547155, 547843, 547136, 547842, 547865",-33.88195,25.98585
"Central 60m",3,2024-05-28 11:49:00,2024-11-29 09:42:00,1,"547858",-33.88195,25.98585
"Central 80m",1,2018-05-17,2020-03-19,4,"547158, 547844, 547852, 547843",-33.94755,26.12375
"Central 80m",2,2020-06-08,2022-12-01 09:31:00,5,"547860, 547846, 547131, 547151",-33.94755,26.12375
"Central 80m",3,2023-05-24 10:05:00,2024-11-29 11:40:00,4,"547862, 547164, 547858, 547866",-33.94755,26.12375
"Coega",1,2015-06-23 10:20:00,2025-04-25 09:00:00,9,"119630, 120135, 123192, 131734, 112464, 126041, 119098, 120149",-33.80017,25.69835
"DCP001",1,2022-04-22 14:10:00,2023-04-13 10:56:00,2,"547827, 546787",-27.5015,32.72483
"DEH001",1,2018-10-16 09:46:00,2025-03-19 07:18:00,11,"545741, 545671, 546757, 546759, 546769, 545678, 547834, 546758, 546781, 545740, 549811",-34.478753,20.85342701
"DEH002",1,2018-10-16 10:09:00,2020-10-06 07:14:00,4,"545744, 545672, 546787, 545741",-34.47232903,20.75938197
"DEH002",2,2021-03-31 08:16:00,2025-03-19 07:53:00,6,"545745, 545673, 547832, 547831, 546786, 545749",-34.47232903,20.75938197
"DEH003",1,2018-10-16 10:33:00,2025-03-19 08:31:00,11,"546758, 545674, 546769, 546778, 546779, 545746, 545743, 549563, 547825, 545671, 545758",-34.46748798,20.65577201
"DEH004",1,2018-10-16 10:56:00,2025-03-19 08:57:00,11,"546759, 545750, 547824, 545744, 547828, 546773, 546779, 549908, 545745, 546769",-34.486374,20.56022401
"DEH005",1,2018-10-16 11:36:00,2023-11-20 09:29:00,9,"546771, 546780, 545753, 546776, 547836, 546781, 545747, 545759, 545739",-34.53641698,20.48344896
"DEH005",2,2024-06-18 09:42:00,2025-03-19 09:26:00,1,"545741",-34.53641698,20.48344896
"DEH006",1,2018-10-16 12:05:00,2024-06-18 10:12:00,10,"546773, 546781, 547828, 547824, 547830, 545753, 549564, 546771, 545676",-34.60521899,20.434372
"DEM000",1,2021-04-25 15:19:00,2022-09-15 11:43:00,2,"549804",-34.70773,20.17085
"DEM001",1,2020-10-24 16:51:00,2021-04-02 10:33:00,1,"549804",-34.65619,20.32396
"DH001",1,2015-04-04 07:18:00,2017-02-01,1,"121842",-34.43086,20.88448
"DI002",1,2016-04-11 11:34:00,2020-01-16,4,"108813, 128107, 108886, 128116",-34.06515,18.330433
"DI1 GELDST",1,2015-11-06 08:55:00,2018-12-10 13:00:00,4,"126262",-34.67778,19.39361
"DI2 Outside Geyser",1,2015-06-11 09:05:00,2018-12-10 12:15:00,4,"126263",-34.69361,19.41277
"DI2 Outside Geyser",2,2020-07-05,2021-01-02,1,"126263",-34.69361,19.41277
"DI3 Doldrums/Sharkalley",1,2015-11-06 09:20:00,2018-12-10 11:30:00,4,"126264",-34.68666,19.41833
"DI3 Doldrums/Sharkalley",2,2020-07-05,2021-02-13 11:00:00,2,"126264",-34.68666,19.41833
"DUI",1,2015-03-27 12:50:00,2024-06-19 12:30:00,9,"112462, 120160, 126039, 119176, 112473, 131732, 124032, 126033, 123186",-34.35142,21.00866
"Darwin Reef MB",1,2017-10-23,2018-03-28,1,"119628",-34.1774833,22.1571333
"Dharb",1,2015-08-14 08:45:00,2023-02-28 10:10:00,8,"119105, 123185, 112385, 112443, 123195, 126033, 126038, 120160",-29.864667,31.057183
"Dharb",2,2024-02-19 13:34:00,2025-06-20 12:00:00,1,"120164",-29.864667,31.057183
"Die Dam",1,2015-06-20 15:20:00,2018-03-14 13:50:00,3,"126269",-34.77472,19.69416
"Die Plaat",1,2015-06-20 13:25:00,2017-02-17 16:50:00,2,"126265",-34.5375,19.35272
"Dunes",1,2016-04-11 11:10:00,2020-01-16,4,"128117, 128115, 108813",-34.1128,18.346333
"Durban",1,2015-05-28 07:45:00,2017-07-25,2,"126063, 129000",-29.83766667,31.05108333
"Dyer Island",1,2022-01-17 10:46:00,2024-09-02,1,"126264",-34.68833333,19.42505556
"East Shoal",1,2016-04-15 11:55:00,2019-02-07 10:11:00,3,"128116, 128109, 128117",-34.15108,18.64639
"Evans Peak",1,2015-04-28 09:26:00,2019-07-17 09:40:00,4,"5187, 113320, 128592",-33.84265,25.81635
"FB001",1,2015-10-06 10:07:00,2016-04-08 08:31:00,1,"120147",-34.35546,18.8069
"FB001",2,2016-11-27 11:39:00,2020-04-16 12:34:00,6,"545746, 546762, 545668, 545743, 546768, 547825",-34.35546,18.8069
"FB001",3,2020-09-04 10:24:00,2025-06-13 09:25:00,8,"547834, 545668, 546768, 545758, 546775, 546765, 549569, 546778",-34.35546,18.8069
"FB002",1,2015-03-15 09:34:00,2016-11-07,3,"119099, 120150, 119621",-34.35667,18.8006
"FB002",2,2017-10-18 10:24:00,2020-04-16 12:48:00,5,"546764, 545669, 545745, 546784, 547830",-34.35667,18.8006
"FB002",3,2020-09-04 10:35:00,2025-06-13 09:40:00,8,"547831, 545740, 547825, 545741, 547826, 549807, 546787, 547833",-34.35667,18.8006
"FB003",1,2015-03-15 09:52:00,2016-04-08 09:05:00,2,"123194, 120157",-34.35775,18.79421
"FB003",2,2016-11-27 12:06:00,2020-04-16 12:57:00,6,"545749, 546765, 545670, 546762, 547823, 545678",-34.35775,18.79421
"FB003",3,2020-09-04 10:38:00,2025-06-13 09:51:00,8,"546782, 545749, 547827, 545752, 547828, 545756, 546772, 547834",-34.35775,18.79421
"FHSI",1,2015-03-14 13:48:00,2018-01-21 10:10:00,4,"5280, 128108, 129603, 108887",-34.14166,18.43802
"FHSI",2,2018-05-16 08:00:00,2023-01-30 11:45:00,6,"128112, 108885, 128109, 128116, 128114, 136863",-34.14166,18.43802
"FHSI",3,2023-05-23 10:39:00,2023-12-22 07:00:00,1,"128112",-34.14166,18.43802
"FHSI",4,2024-05-08,2025-05-06 13:00:00,1,"108887",-34.14166,18.43802
"GB001",1,2015-07-15 08:36:00,2025-04-25 16:24:00,17,"123185, 123186, 119110, 120168, 546777, 546779, 545675, 546783, 545676, 545758, 546767, 546780, 547830, 547835, 551312, 551310, 545757",-34.066567,22.242067
"GB002",1,2015-07-15 08:06:00,2019-11-15 10:18:00,8,"123203, 123188, 119625, 112432, 546783, 546780, 545676, 547831",-34.072967,22.246833
"GB002",2,2020-07-03 12:35:00,2025-04-25 16:11:00,8,"546785, 546783, 546765, 549808, 547836, 552858, 545739, 546782",-34.072967,22.246833
"GB003",1,2015-07-15 07:41:00,2025-04-25 15:59:00,17,"123202, 123194, 120150, 112338, 546784, 546781, 545754, 547832, 545670, 545679, 546768, 549563, 549810, 546778, 549567, 549908, 549568",-34.079,22.2513
"GBO",1,2015-12-09 10:35:00,2020-10-19 10:50:00,4,"128112, 128105, 128109, 128114",-34.156817,18.840283
"GBO",2,2020-12-01 09:47:00,2023-05-08 12:35:00,3,"108885, 108887, 128104",-34.156817,18.840283
"GBO",3,2023-06-22 10:32:00,2025-05-09 10:30:00,2,"129602, 128112",-34.156817,18.840283
"GG001",1,2015-10-31 08:14:00,2025-06-24 14:40:00,10,"123198, 120165, 120150, 126037, 133821, 112438, 112384, 119625, 119362",-31.29288,30.01762
"GG002",1,2015-07-14 07:15:00,2023-08-04 09:56:00,8,"120166, 120169, 119625, 126036, 112421, 133822, 112460, 120128",-31.29523,30.02203
"GSB001",1,2015-06-11 12:56:00,2016-11-18 07:30:00,3,"123186, 102286, 102285",-34.69714,19.40543
"GSB001",2,2017-08-09 09:02:00,2019-05-25 14:55:00,4,"112460, 112337, 112385, 131725",-34.69714,19.40543
"GSB001",3,2020-01-25 10:31:00,2025-03-20 09:15:00,8,"126038, 112438, 112386, 119635, 119167, 545743, 547834, 546757",-34.69714,19.40543
"GSB002",1,2015-06-11 12:51:00,2025-03-20 09:55:00,16,"112464, 102291, 112418, 120145, 112466, 112384, 119172, 131728, 120151, 112472, 119171, 120171, 119617, 546760, 547835, 549810",-34.7042,19.40506
"GSB003",1,2015-06-11 12:48:00,2025-03-20 10:26:00,16,"123188, 112350, 112441, 120147, 112473, 112433, 119620, 131729, 120133, 119168, 123192, 123186, 119619, 545742, 551311, 551306",-34.71128,19.40723
"Gamtoos",1,2015-02-25 10:34:00,2025-05-15 12:30:00,9,"120151, 119617, 119101, 119109, 119104, 126029, 123200, 120155, 119172",-33.96095,25.0153
"Gansbaai Harbour",1,2015-06-20 13:10:00,2018-12-10 15:40:00,4,"126266",-34.58333,19.32972
"Gansbaai Harbour",2,2020-07-05,2022-01-15 12:33:00,3,"126266",-34.58333,19.32972
"Goodsheds",1,2015-07-02 14:30:00,2023-11-09 15:08:00,7,"3588, 124031, 112435, 131732, 120135",-33.90755,25.62473333
"Goukou",1,2015-11-14 07:35:00,2024-06-17 13:30:00,8,"119623, 126030, 120160, 119174, 112436, 127950, 112433",-34.36857,21.41443
"Goukou 002",1,2015-02-23,2022-09-01 13:30:00,8,"112474, 120139, 126031, 123203, 119104, 112385, 126040, 112439",-34.35855,21.41646
"Gouritz",1,2015-02-20 10:45:00,2022-09-01 11:39:00,8,"112435, 119616, 126028, 120149, 112466, 112464, 112462, 131726",-34.33984,21.88098
"Great Fish",1,2015-03-12 10:10:00,2021-10-29 09:30:00,6,"120170, 120159, 120151, 112338, 119101, 119625",-33.49089,27.12959
"Great Fish",2,2023-12-01 10:00:00,2025-05-05 15:00:00,2,"128592, 112439",-33.49089,27.12959
"Great Fish 002",1,2017-03-29 14:10:00,2020-06-19 10:30:00,3,"102285, 112345, 120145",-33.48866,27.12586
"Great Fish 003",1,2017-03-29 14:48:00,2023-04-25 13:15:00,5,"123201, 112472, 120168, 123200, 133821",-33.48449,27.11774
"Green Point",1,2015-02-19 06:30:00,2017-01-20,2,"126068, 112804",-30.24681667,30.79086667
"HB001",1,2015-10-16 07:31:00,2016-04-11 10:07:00,1,"102284",-34.04953,18.308
"HB002",1,2015-04-07 07:15:00,2016-04-11 10:19:00,2,"112338, 112385",-34.05317,18.30303
"HB003",1,2015-04-07 06:43:00,2016-04-11 10:32:00,2,"120159, 112386",-34.05652,18.29764
"Harbour MB",1,2016-10-29,2018-03-28,2,"126052",-34.1782667,22.1455333
"Hibberdene",1,2015-06-23 08:30:00,2017-08-15,2,"112439, 127059",-30.5877,30.577717
"Hougham Park",1,2015-02-04,2017-10-21 13:15:00,2,"112808",-33.78306667,25.72906667
"ISR001",1,2016-12-05,2025-01-18 09:56:00,8,"119107, 123255, 130589, 130590, 125567, 123253, 132290, 114023",-27.2497,32.79191667
"ISR002",1,2016-12-05,2025-01-18 09:26:00,8,"102284, 123253, 125565, 132291, 123254, 114023, NA, 119622",-27.2497,32.79741667
"Ifafa",1,2015-03-20,2017-05-03,2,"112375, 127055",-30.465783,30.659333
"Infanta Slip",1,2018-10-03 14:00:00,2021-11-08 10:00:00,2,"NA",-34.422309,20.856942
"JDAM 1",1,2015-06-11 08:30:00,2018-12-10 14:25:00,4,"126260",-34.62888,19.41861
"JDAM 2",1,2015-11-06 08:40:00,2018-12-10 13:55:00,4,"126261",-34.64277,19.42888
"JDAM 2",2,2020-07-05,2021-01-02,2,"126261",-34.64277,19.42888
"JDAM 3",1,2021-02-17,2024-09-02,2,"126261",-34.65422,19.41436
"JP001",1,2015-02-01 10:16:00,2025-05-14 13:17:00,19,"119626, 123191, 102299, 123199, 120155, 120157, 119630, 119168, 112462, 126037, 112466, 123202, 123197, 131725, 120166, 112380, 112438, 133828",-27.561167,32.686167
"JP002",1,2015-02-01 10:59:00,2025-05-14 06:42:00,20,"112417, 123197, 112345, 123202, 120175, 120164, 119619, 123192, 123185, 126028, 120169, 545741, 545752, 547826, 547823, 546762, 546758, 546767, 546760, 545759",-27.561167,32.691833
"JP003",1,2015-02-01 08:10:00,2025-05-14 06:50:00,20,"112438, 123204, 112436, 123203, 123186, 126027, 112386, 123195, 123190, 120144, 126042, 546774, 546787, 549809, 547825, 546770, 551310, 546776, 546784, 549807",-27.561167,32.698017
"JS001",1,2022-05-04 08:10:00,2023-04-13 10:20:00,2,"547824, 546767",-27.56671,32.71402
"Jahleel",1,2015-06-22 12:30:00,2025-06-06 12:40:00,8,"4839, 127950, 126041, 120173, 124032, 119619",-33.806683,25.708267
"KAN001",1,2017-05-19 10:15:00,2019-07-13 10:30:00,4,"112381, 545678, 546782, 545757",-34.35113,21.921033
"KBR001",1,2022-10-25 11:30:00,2024-11-28 14:52:00,5,"112464, 102289",-34.07602,23.05959
"KBR002",1,2022-10-25 15:45:00,2024-12-04 18:19:00,4,"126026, 120169",-34.06069,23.04496
"KBR003",1,2022-10-25 11:50:00,2022-12-12,1,"133826",-34.06809,23.05254
"KBR004",1,2022-10-25 12:10:00,2022-12-12,1,"126030",-34.05593,23.03506
"KBR004",2,2023-04-05,2024-11-28 15:40:00,3,"119105, 126040",-34.05593,23.03506
"KBR005",1,2022-10-25 12:25:00,2024-12-04 17:03:00,5,"119174, 133824",-34.0564,23.05123
"KBR006",1,2022-10-25 12:40:00,2024-11-28 11:34:00,5,"133825, 126029",-34.05145,23.06133
"KBR007",1,2022-10-25 16:20:00,2024-12-05 07:13:00,4,"126043, 126042",-34.04584,23.00571
"KBR008",1,2022-10-25 14:55:00,2024-12-05 06:12:00,4,"120152, 120150",-34.0389,23.0213
"KBR009",1,2022-10-25 13:40:00,2024-11-28 10:17:00,5,"120157, 131728",-34.0437,23.04362
"KBR010",1,2022-10-25 13:55:00,2024-10-23 14:00:00,6,"126052, 133826, 120175",-34.04145,23.04386
"KBR011",1,2022-10-25 16:40:00,2024-12-05 07:37:00,4,"126038, 120147",-34.03252,23.0067
"KBR012",1,2022-10-25 14:10:00,2024-11-28 10:48:00,5,"112336, 119099",-34.0396,23.03888
"KBR013",1,2022-10-25 16:05:00,2024-12-05 06:53:00,4,"112463, 112384",-34.05343,23.00455
"KBR014",1,2022-10-25 14:25:00,2024-11-28 16:07:00,5,"131725, 112466",-34.04746,23.02544
"KBR015",1,2022-10-25 17:00:00,2023-03-30 16:00:00,2,"119105",-34.0322,22.99282
"KLM001",1,2022-02-03 13:21:00,2024-04-18 16:20:00,3,"121845, 106601, 113577",-33.57824902,26.98501096
"KLM001",2,2024-05-28 07:44:00,2025-03-21 15:35:00,1,"110162",-33.57824902,26.98501096
"KLM002",1,2022-02-03 13:48:00,2024-04-18 15:37:00,3,"119098, 106610, 113583",-33.56755103,27.01899002
"KLM002",2,2024-05-29 10:15:00,2025-03-21 15:07:00,1,"112492",-33.56755103,27.01899002
"KLM003",1,2022-02-03 14:07:00,2022-11-21 12:37:00,1,"121697",-33.572882,27.02392101
"KLM003",2,2023-09-29 13:32:00,2024-04-18 11:10:00,1,"113591",-33.572882,27.02392101
"KLM004",1,2022-02-03 10:47:00,2024-04-18 15:00:00,3,"133828, 106616, 113595",-33.54737696,27.05193099
"KLM004",2,2024-05-29 10:28:00,2025-03-21 14:42:00,1,"119082",-33.54737696,27.05193099
"KLM005",1,2022-02-03 11:02:00,2024-04-18 12:10:00,3,"121700, 109137, 113606",-33.55152701,27.05909802
"KLM005",2,2024-05-29 10:24:00,2025-03-21 11:57:00,1,"113573",-33.55152701,27.05909802
"KLM006",1,2022-02-03 09:55:00,2024-04-18 14:15:00,3,"112375, 110162, 113608",-33.53913001,27.07052104
"KLM007",1,2022-02-03 10:33:00,2024-04-18 12:50:00,3,"106599, 110163, 101636",-33.54469199,27.07623901
"KLM007",2,2024-05-29 10:44:00,2025-03-21 12:44:00,1,"120203",-33.54469199,27.07623901
"KLM008",1,2022-02-03 09:07:00,2024-04-18 13:30:00,3,"135495, 112492, 101637",-33.51027397,27.131735
"KLM008",2,2024-05-29 11:09:00,2025-03-21 13:21:00,1,"120206",-33.51027397,27.131735
"KLM009",1,2024-05-29 09:04:00,2024-08-21,1,"113577",-33.59117,26.95095
"KM001",1,2017-01-30 12:43:00,2025-07-09 08:32:00,15,"545739, 546785, 545675, 546755, 545677, 546770, 546783, 545740, 545679, 546760, 545754, 546773, 546780, 546775",-32.704722,28.384833
"KM002",1,2017-01-30 12:50:00,2025-07-09 08:55:00,15,"545744, 546786, 545676, 546764, 545752, 546762, 546768, 545749, 545739, 551310, 546784, 546783, 547832, 546787",-32.708083,28.391333
"KM003",1,2017-01-30 12:56:00,2025-07-09 09:08:00,15,"545679, 546787, 545677, 546765, 545756, 547829, 546784, 545668, 546786, 546767, 551315, 549810, 547836, 549567, 546772",-32.711,28.397972
"KOW002",1,2020-10-15 15:40:00,2022-06-03 13:00:00,1,"131730",-33.592558,26.88885
"KOW002",2,2022-10-14 10:50:00,2025-04-30 10:10:00,3,"102292, 119165, 126034",-33.592558,26.88885
"KOW003",1,2020-10-15 15:10:00,2022-03-16,1,"126045",-33.587267,26.881831
"KOW003",2,2022-10-14 11:15:00,2025-04-30 12:00:00,3,"112372, 119173, 133822",-33.587267,26.881831
"KOW004",1,2020-10-15 14:35:00,2022-06-03 10:20:00,1,"119101",-33.591932,26.874007
"KOW004",2,2022-10-14 11:40:00,2024-06-10 14:30:00,2,"112373, 123188",-33.591932,26.874007
"KOW005",1,2020-10-15 13:05:00,2022-03-16,1,"112421",-33.588052,26.864577
"KOW005",2,2022-10-14 12:00:00,2024-08-02 13:15:00,2,"112439, 131730",-33.588052,26.864577
"KOW006",1,2020-10-15 12:40:00,2022-06-03 11:00:00,1,"112373",-33.581145,26.86232
"KOW006",2,2022-10-21 13:20:00,2024-08-02 12:20:00,2,"112471",-33.581145,26.86232
"KOW007",1,2020-10-15 12:25:00,2022-06-03 11:30:00,1,"119102",-33.572408,26.861155
"KOW007",2,2022-10-21 10:00:00,2024-08-02 10:45:00,2,"119101",-33.572408,26.861155
"KOW008",1,2020-10-15 11:55:00,2022-03-16,1,"120144",-33.574557,26.854206
"KOW008",2,2022-10-21 10:40:00,2024-06-24 12:45:00,2,"126037, 120173",-33.574557,26.854206
"KOW009",1,2022-10-21 11:50:00,2024-06-24 13:10:00,2,"128593, 112463",-33.571002,26.850579
"KOW010",1,2022-10-21 12:35:00,2024-06-24 13:50:00,2,"131726, 119102",-33.565183,26.851083
"KOW011",1,2019-02-08,2020-10-15 11:00:00,1,"112384",-33.562706,26.841482
"KOW011",2,2022-10-21 13:33:00,2024-07-16 16:30:00,2,"131730, 119105",-33.562706,26.841482
"KOW012",1,2019-02-08 14:37:00,2024-06-24 15:00:00,4,"112417, 123195, 123202, 119621",-33.556263,26.840143
"KOW013",1,2019-02-08 13:53:00,2023-01-18 10:00:00,3,"119099, 120165, 120133",-33.555266,26.829861
"KOW014",1,2019-02-08 14:15:00,2024-07-16 15:00:00,4,"119102, 120145, 119168, 133825",-33.549274,26.822509
"KOW015",1,2017-11-21 11:00:00,2024-07-16 14:09:00,5,"131724, 120128, 123203, 119102, 126038",-33.5492344,26.81610279
"KOW016",1,2017-11-21 11:40:00,2022-09-29 14:58:00,3,"131725, 120150, 126037",-33.55412356,26.81076796
"KOW016",2,2023-10-18 15:00:00,2024-07-16 13:30:00,1,"133827",-33.55412356,26.81076796
"KOW017",1,2017-11-21 12:15:00,2024-07-16 13:00:00,5,"131726, 120148, 112345, 112386, 133828",-33.54621104,26.80723356
"KOW018",1,2017-11-21 12:50:00,2022-03-16,3,"131727, 120160, 123185",-33.53805604,26.80221959
"KOW018",2,2022-09-29 12:30:00,2024-07-16 12:00:00,2,"119171, 138868",-33.53805604,26.80221959
"KOW019",1,2017-11-21 13:18:00,2022-03-16,3,"131728, 123202, 131733",-33.54329288,26.80225924
"KOW019",2,2022-09-29 11:20:00,2024-07-16 11:00:00,2,"119632, 132291",-33.54329288,26.80225924
"KOW020",1,2017-11-21 13:47:00,2022-03-16,3,"131729, 131730, 126036",-33.54399814,26.79739958
"KOW020",2,2022-09-22 14:55:00,2024-07-16 10:00:00,2,"123192, 138875",-33.54399814,26.79739958
"KOW021",1,2023-05-09 14:00:00,2024-05-24 10:30:00,2,"112345",-33.546177,26.786114
"KOW022",1,2023-07-18 10:15:00,2024-05-24 10:05:00,1,"112421",-33.544218,26.781304
"KOW023",1,2023-08-02 10:00:00,2024-05-24 10:00:00,1,"112433",-33.544285,26.78104
"KOWMAR002",1,2017-11-21 16:10:00,2025-04-30 10:10:00,6,"131732, 120171, 126052, 112384, 126042, 138872",-33.59687194,26.89648021
"KOWMAR003",1,2017-11-21 16:25:00,2025-04-30 09:54:00,7,"131733, 120175, 126050, 126031, 120150, 138867, 112386",-33.5963163,26.89761487
"KOWMAR004",1,2017-11-21 16:42:00,2025-04-30 09:20:00,8,"131734, 123191, 120164, 112473, 126040, 138871, 124032",-33.59563125,26.89859036
"Kapteins Klip",1,2020-12-01 10:30:00,2023-05-08 10:05:00,3,"108886, 128117",-34.09921,18.65273
"Kapteins Klip",2,2023-06-22 11:31:00,2025-05-16 11:15:00,2,"128110, 128104",-34.09921,18.65273
"Kariega",1,2015-01-09 08:45:00,2025-03-06 15:45:00,10,"123200, 112432, 112464, 112462, 119098, 126026, 119628, 102289, 126033, 119171",-33.67203,26.67469
"Keiskamma",1,2015-03-12 08:10:00,2020-12-11 13:00:00,5,"112336, 120171, 112464, 102289",-33.27771,27.48596
"Kings Beach",1,2015-02-02,2020-03-04 11:23:00,4,"112803, 112817",-33.96983333,25.65465
"Klein Brak",1,2015-03-23 13:20:00,2015-11-14 08:55:00,1,"102297",-34.09104,22.1425
"Klein Brak",2,2017-02-02 16:20:00,2019-02-10,2,"126026, 120164",-34.09104,22.1425
"Knysna",1,2015-06-10 12:20:00,2016-09-12 10:29:00,2,"119104, 102295",-34.06529,23.04652
"Knysna",2,2018-06-21 11:00:00,2024-12-04 18:39:00,7,"126040, 112373, 133827, 120128, 112443, 119173, 133821",-34.06529,23.04652
"Knysna 002",1,2020-01-23 08:30:00,2024-12-04 17:56:00,6,"126045, 133826, 131734, 126027, 119621, 124031",-34.07081,23.05083
"Koeel Bay 1",1,2019-05-10 10:00:00,2020-10-19,1,"129603",-34.22802,18.8228
"Koggel Bay",1,2021-03-31 10:53:00,2024-04-17 10:02:00,4,"128108, 136863, 108885, 126036",-34.23172,18.81917
"Kowie",1,2015-03-05 08:30:00,2025-04-30 12:45:00,11,"119101, 120162, 102300, 112435, 123185, 112463, 119161, 120164, 120136, 124981",-33.59969,26.89424
"Kromme",1,2015-03-12 07:08:00,2024-05-07 12:30:00,10,"102853, 120175, 102287, 112372, 126032, 119100, 119174, 119167, 119625, 120165",-34.13944,24.8356
"Leven",1,2016-05-11 09:16:00,2018-02-26,2,"124032, 102406",-27.91211667,32.59856667
"Leven",2,2018-04-16,2022-05-10 10:30:00,4,"124032, 102406, 123253, 136534",-27.91211667,32.59856667
"Leven",3,2023-04-17 13:42:00,2025-05-13 09:10:00,2,"102852, 123255",-27.91211667,32.59856667
"Leven Deep",1,2021-05-04 08:00:00,2025-05-13 08:07:00,4,"549609, 549611, 549610",-27.910867,32.615
"Leven Mid",1,2021-05-04,2025-05-13 08:41:00,4,"136524, 119622, 136509, NA",-27.911083,32.60685
"MAP001",1,2018-07-25 12:47:00,2023-06-30,5,"119628, 123192, 112347, 123187, 136525",-28.40567,32.44333333
"MAP002",1,2018-07-25 12:06:00,2021-06-17 11:43:00,3,"126026, 120155, 112375",-28.44005,32.42876667
"MAP003",1,2018-07-25 11:23:00,2021-06-17 11:12:00,3,"126050, 123200, 119105",-28.47627,32.42181667
"MAP004",1,2018-07-25 10:26:00,2021-06-17 10:51:00,3,"126052, 119171, 120159",-28.51055,32.41661667
"MB001",1,2015-05-21 09:23:00,2015-08-24 07:20:00,1,"119098",-34.0806,22.190533
"MB001",2,2015-11-13 13:22:00,2025-04-25 16:51:00,17,"112380, 120141, 119098, 119165, 545747, 545746, 546786, 547833, 545668, 546770, 546778, 546757, 545675, 545745, 551305, 547824, 545754",-34.0806,22.190533
"MB002",1,2015-05-21 08:52:00,2025-04-25 17:04:00,19,"119171, 112472, 119101, 119174, 545740, 545749, 546787, 547834, 545673, 545671, 547827, 546771, 546781, 551311, 546774, 552856, 546764",-34.086833,22.194817
"MB003",1,2015-05-21 08:31:00,2025-04-25 17:17:00,18,"119619, 119628, 119629, 119172, 120173, 545741, 545750, 547828, 547835, 545677, 545739, 547833, 549569, 546786, 546783, 551313, 546781, 552849",-34.09315,22.198683
"MB004",1,2015-07-15 09:06:00,2025-04-25 17:25:00,17,"119168, 112464, 102286, 120139, 546770, 545740, 545670, 546776, 545749, 545675, 545744, 545756, 547834, 549566, 547823, 551316",-34.0998,22.202667
"MB005",1,2015-07-15 09:21:00,2025-04-25 17:31:00,17,"102855, 119172, 112347, 123196, 546771, 545747, 545679, 546773, 546779, 545759, 547823, 546769, 545670, 546772, 546780, 547825, 552850",-34.106383,22.206583
"MB006",1,2015-07-15 09:36:00,2023-12-05 11:40:00,15,"123199, 120155, 112385, 120129, 546772, 546760, 545758, 545744, 545752, 547829, 547835, 546779, 545757, 547833, 547832",-34.112417,22.210933
"MB006",2,2024-08-08 11:13:00,2025-04-25 17:39:00,1,"552853",-34.112417,22.210933
"MB007",1,2015-07-15 09:49:00,2023-12-05 11:47:00,15,"112421, 120164, 112419, 119634, 546773, 546767, 546757, 546774, 546777, 546761, 545750, 547824, 549908, 546759, 549564",-34.119133,22.215017
"MB007",2,2024-08-08 11:17:00,2025-04-25 17:46:00,1,"552851",-34.119133,22.215017
"MO5",1,2015-12-09 11:10:00,2017-03-03 14:26:00,1,"128111",-34.09341,18.73705
"MO5",2,2018-07-16 11:12:00,2020-10-19 10:05:00,2,"128107, 128112",-34.09341,18.73705
"MO5",3,2020-12-01 10:10:00,2023-05-08 10:40:00,3,"128117, 128107, 128110",-34.09341,18.73705
"MO5",4,2023-06-22 11:13:00,2025-05-16 10:15:00,2,"108885, 131733",-34.09341,18.73705
"MOZ001",1,2015-05-14 08:00:00,2020-02-05 14:30:00,6,"119102, 112384, 123194, 120145, 126029, 112345",-26.854556,32.899333
"MOZ001",2,2021-12-09,2024-12-10,3,"120172, 119172, 120159",-26.854556,32.899333
"MOZ002",1,2015-05-14 07:40:00,2024-12-10,11,"120163, 119634, 123188, 120147, 126031, 112472, 112471, 123199, 119176, 112435, 123195",-26.8545,32.905361
"MOZ003",1,2015-01-15 07:10:00,2016-01-19 06:45:00,3,"119097, 120162, 119621",-26.8545,32.911389
"MP00A",1,2015-03-14 13:29:00,2020-10-20 09:32:00,7,"5281, 128106, 108887, 128112, 108888, 128105, 108886",-34.23448,18.47926
"MP00A",2,2020-12-01 08:40:00,2025-05-06 10:42:00,5,"108813, 128112, 128117, 128109, 128107",-34.23448,18.47926
"MP2",1,2016-04-15 13:53:00,2017-06-06 13:10:00,2,"128115, 108888",-34.2397,18.48052
"MP2",2,2017-07-02 08:30:00,2019-09-11 12:15:00,3,"128114, 128110, 129602",-34.2397,18.48052
"Malongane",1,2015-11-25 07:50:00,2022-11-12,8,"112381, 102295, 119635, 120159, 119167, 112439, 112432",-26.78216667,32.90475
"Malongane",2,2023-11-30,2024-12-08,1,"102292",-26.78216667,32.90475
"Mamoli 1",1,2015-11-28 10:36:00,2024-12-08,9,"120136, 102299, 119634, 126034, 112432, 131726, 112381, 133822, 100291",-26.71336111,32.91083333
"Mbango",1,2015-06-23,2016-10-26,1,"112461",-30.75665,30.458417
"Mitch Reef MB",1,2017-10-23,2018-03-28,1,"126050",-34.1697667,22.1351
"Mtentu 001",1,2018-01-18 11:04:00,2021-09-05 08:45:00,5,"112375, 112373, 131726, 119621, 120136",-31.23928333,30.03256667
"Mtentu 002",1,2017-10-04 12:15:00,2021-09-05 09:30:00,5,"120128, 112460, 119631, 120160",-31.23191667,30.02033333
"Mtentu 003",1,2018-01-18 11:55:00,2021-09-05 10:15:00,5,"112439, 123201, 131733, 120173, 135495",-31.23361667,30.01223333
"Mtwalume",1,2015-03-20,2017-05-03,2,"112431, 127056",-30.501367,30.637783
"Muiz",1,2015-12-04 09:06:00,2019-09-26 09:10:00,4,"128110, 108813, 128114, 108887",-34.11666,18.48062
"Mzamba",1,2015-07-29,2017-12-01,2,"112473, 126060",-31.092617,30.195033
"Mzimvubu",1,2015-08-19 15:45:00,2018-10-10 09:30:00,4,"119167, 102291, 123199",-31.5952,29.52911
"Ntafufu",1,2015-08-20 12:48:00,2017-10-01 08:00:00,2,"119617, 112472",-31.55703,29.62575
"PA001",1,2015-04-25 05:45:00,2024-05-28 08:00:00,17,"120152, 112438, 112336, 545678, 545741, 546774, 546757, 547827, 546777, 546785, 545673, 545669, 546761, 545739, 545740, 545757",-33.58778,26.99384
"PA002",1,2015-10-07 05:17:00,2022-05-10 09:18:00,13,"112347, 112338, 545740, 545745, 546775, 546761, 547826, 546779, 545759, 545743, 546755, 549907",-33.59359,26.99729
"PA002",2,2023-09-29 14:27:00,2025-07-20 15:28:00,3,"549810, 551307, 547830",-33.59359,26.99729
"PA003",1,2015-04-25 06:25:00,2021-11-12 10:25:00,13,"112418, 112417, 112372, 545743, 545747, 546776, 546769, 547829, 546782, 545675, 546760, 549564, 549909",-33.59972,26.99986
"PA003",2,2023-01-11 08:10:00,2025-07-20 15:40:00,4,"546786, 549568, 552858, 549563",-33.59972,26.99986
"PE001",1,2019-02-05,2019-05-26 12:20:00,1,"109137",-34.05135,25.55045
"PE002",1,2019-02-05,2019-05-26 13:30:00,1,"121697",-34.05033,25.55046
"PE003",1,2019-02-05,2019-05-31,1,"113595",-34.0503,25.55181
"PE004",1,2019-02-05,2019-05-31,1,"110162",-34.05133,25.55174
"PE005",1,2019-02-05,2019-05-26 09:00:00,1,"113577",-34.05237,25.55168
"PE006",1,2019-02-05,2019-05-26 09:50:00,1,"119085",-34.05235,25.5505
"PE007",1,2019-02-05,2019-05-26 10:20:00,1,"112492",-34.05242,25.54919
"PE008",1,2019-02-05,2019-05-26 11:00:00,1,"113608",-34.05133,25.54922
"PE009",1,2019-02-05,2019-05-26 13:00:00,1,"106615",-34.05027,25.54919
"PE010",1,2019-02-05,2019-05-26 12:45:00,1,"113573",-34.05083,25.54985
"PE011",1,2019-02-05,2019-05-31,1,"120203",-34.05082,25.55106
"PE012",1,2019-02-05,2019-05-31,1,"121845",-34.05183,25.55109
"PE013",1,2019-02-05,2019-05-31,1,"120208",-34.05172,25.54973
"PE014",1,2019-02-05,2019-05-26 11:20:00,1,"NA",-34.0508,25.55045
"PE015",1,2019-02-05,2019-05-31,1,"NA",-34.05234,25.54983
"PLB001",1,2015-10-12 09:30:00,2025-04-11 09:30:00,10,"120172, 112380, 119165, 112337, 120175, 112436, 120129, 549808, 549564, 545740",-34.08705,23.401067
"PLB002",1,2015-10-12 10:00:00,2025-04-11 09:21:00,10,"102296, 112438, 120165, 119176, 123191, 119172, 120169, 549907, 551305, 545753",-34.053683,23.396617
"PLB003",1,2015-10-12 10:45:00,2025-04-11 10:00:00,10,"119626, 112386, 120169, 120149, 119108, 123196, 131727, 546768, 551312, 547827",-34.014033,23.445683
"PLB004",1,2015-10-12 11:30:00,2020-05-08,5,"112465, 112350, 120172, 123199, 131725",-33.99025,23.57205
"PLB004",2,2020-12-30 12:55:00,2025-04-11 10:43:00,5,"123198, 120175, 551315, 552859, 547836",-33.99025,23.57205
"PON001",1,2018-06-20 10:55:00,2019-06-11 10:50:00,1,"126038",-31.23566667,30.08415
"PON001",2,2020-06-18 10:01:00,2024-07-06 10:30:00,4,"112338, 112471, 131728, 112443",-31.23566667,30.08415
"PON002",1,2018-06-20 08:46:00,2024-09-27 11:51:00,6,"126041, 123196, 119620, 119108, 133824, 119617",-31.1786,30.13241667
"PP00A",1,2015-03-14 13:38:00,2025-05-06 11:25:00,12,"5647, 128104, 108886, 128111, 108887, 128115, 129602, 128114, 108813, 128116, 128117",-34.2557,18.48416
"PR001",1,2015-11-10 07:40:00,2019-11-04,3,"119176, 112421, 126030",-30.822033,30.413017
"PSJ001",1,2015-06-22 08:46:00,2025-08-12 08:04:00,18,"120153, 102287, 545668, 545751, 546755, 546785, 545678, 545739, 546772, 545672, 546787, 545758, 546778, 547829, 546782, 546761, 549907, 547824",-31.61576,29.59354
"PSJ002",1,2015-06-22 09:42:00,2017-10-06 08:08:00,4,"120129, 112442, 545669, 545752",-31.62011,29.60016
"PSJ002",2,2018-05-13 11:10:00,2025-08-12 08:22:00,13,"546786, 546783, 545753, 547827, 546755, 545670, 546770, 547833, 551307, 551314, 546774, 549806",-31.62011,29.60016
"PSJ003",1,2015-06-22 09:33:00,2017-10-06 08:23:00,4,"123190, 123195, 545670, 545753",-31.62443,29.60723
"PSJ003",2,2018-05-13 10:58:00,2020-02-02 10:55:00,4,"546787, 547825, 547824, 545743",-31.62443,29.60723
"PSJ003",3,2020-08-14 11:36:00,2025-08-12 08:33:00,7,"545752, 546784, 547836, 551308, 549569, 549809, 551310",-31.62443,29.60723
"PSJ004",1,2015-06-22 10:17:00,2016-02-05 07:21:00,1,"112372",-31.6287,29.61341
"PSJ005",1,2015-06-22 10:09:00,2016-02-05 06:53:00,1,"123201",-31.6333,29.62008
"Palm beach",1,2015-07-29 10:40:00,2016-09-21,1,"112466",-30.986117,30.29305
"Park Rynie",1,2015-02-19,2017-01-20,2,"112373, 112463",-30.3392,30.74
"Pennington",1,2015-03-20,2017-05-03,2,"112374, 127054",-30.39275,30.702083
"Pinnacle Temporary 1",1,2015-11-25 06:25:00,2019-06-07 10:30:00,4,"119100, 2534, 120175, 112336",-26.75411111,32.93602778
"Pinnacle Temporary 2",1,2015-11-25 06:29:00,2019-06-07 11:00:00,4,"119165, 2537, 123186, 112435",-26.75213889,32.93586111
"Pinnacle Temporary 3",1,2015-11-25 06:34:00,2019-06-06 14:30:00,4,"120133, 112384, 123196, 119631",-26.74852778,32.93488889
"Pinnacles 1",1,2016-12-14 12:00:00,2017-03-01 12:00:00,1,"112462",-26.75558333,32.93627778
"Pinnacles 1",2,2017-12-08 08:10:00,2024-12-07,8,"120129, 126039, 120172, 112433, 120139, 120171, 120148",-26.75558333,32.93627778
"Pinnacles 2",1,2015-05-11,2024-12-08,11,"2534, 112337, 120168, 126042, 119625, 119630, 120155, 123196, 126037",-26.74663889,32.93422222
"Pinnacles 3",1,2016-12-12,2024-12-11,9,"119167, 102295, 120133, 112338, 119635, 119165, 126034, 112473",-26.74988889,32.93583333
"Pioneer",1,2021-06-05 08:49:00,2022-09-25 09:00:00,1,"126263",-34.81816667,20.08695
"Pringle1",1,2015-12-09 09:35:00,2017-03-03 10:28:00,1,"128114",-34.34071,18.82371
"Protea Banks",1,2021-03-04 09:46:00,2024-04-27 11:15:00,3,"549611, 549610, 549609",-30.8317,30.4849
"QM001",1,2021-05-08,2025-05-14 13:58:00,3,"136521, 123194, 133801",-27.535317,32.6861
"Quoin Point",1,2015-06-20 15:00:00,2018-12-10 10:00:00,4,"126268",-34.79583,19.64666
"Quoin Point",2,2020-05-19,2020-12-31,1,"126262",-34.79583,19.64666
"Quoin Point 2",1,2022-01-17,2023-01-30,1,"126268",-34.79447,19.6275
"REL001",1,2022-10-25 12:52:00,2025-01-24 08:59:00,4,"551306, 551308, 546759, 551311",-34.3061,18.799
"RIN",1,2015-11-30 11:13:00,2024-01-24,9,"128105, 129602, 128117, 129603, 128110, 128115, 108887, 128109, 119635",-33.791283,18.385783
"RIS",1,2015-11-30 10:15:00,2024-01-24 08:45:00,9,"128109, 125978, 128108, 128116, 108888, 128107, 128115, 123185",-33.82125,18.397383
"RR001",1,2015-11-17 08:24:00,2017-12-03,2,"119622, 130590",-27.0469,32.8653
"RR001",2,2019-05-14,2022-10-26,3,"119622, 102406, 102852",-27.0469,32.8653
"RR002",1,2015-11-17 08:30:00,2022-10-26,7,"119633, 130591, 123252, 133801, 133802, 123255",-27.0469,32.87322
"RSB001",1,2018-01-17,2021-05-04,3,"132291, 123254, 123252",-27.7178,32.6391
"RSB002",1,2019-05-16,2022-05-11 10:12:00,3,"123257, 130588, 125566",-27.7178,32.6469
"RSR001",1,2015-07-23,2016-05-11,1,"123252",-27.75625,32.62943333
"RSR002",1,2015-07-23,2016-05-11,1,"123256",-27.75626667,32.63818333
"RSR003",1,2015-07-23,2016-05-11,1,"123255",-27.77545,32.62636667
"RSR004",1,2015-07-23,2016-05-11,1,"123253",-27.77553333,32.63371667
"Red Sands_SAEON",1,2018-09-13,2019-04-09,1,"547139",-27.74857,32.63884
"Red sands 1",1,2015-07-23,2025-05-13 10:42:00,10,"123254, 125565, 130589, 125564, 125567, 123194, 119633, 136520",-27.798471,32.620427
"Red sands 2",1,2015-07-23,2025-05-13 11:18:00,10,"123257, 125567, 130588, 125566, 123255, 114023, 132290, 136530, NA, 123254",-27.798593,32.629552
"Richards Bay",1,2015-03-09 09:30:00,2017-11-15,2,"126056, 129006",-28.79965,32.11265
"Roman Rock",1,2015-12-03 13:21:00,2020-10-20 09:08:00,6,"128107, 108885, 108815, 125978",-34.18125,18.45767
"Roman Rock",2,2020-12-01 08:28:00,2024-04-16 11:20:00,4,"128110, 128116, 128107, 128108",-34.18125,18.45767
"Roman's Reef MB",1,2017-10-23,2018-03-28,1,"119621",-34.164883,22.1241167
"SAL001",1,2021-11-24 08:06:00,2022-03-14 11:56:00,2,"133824, 112466",-33.05906667,17.96686667
"SFA",1,2015-12-04 09:34:00,2016-08-24 10:25:00,1,"545978",-34.10353,18.55968
"SFA",2,2016-09-19 11:07:00,2017-05-31 09:24:00,1,"545976",-34.10353,18.55968
"SFA",3,2017-07-02 10:14:00,2019-02-07 11:16:00,2,"545976",-34.10353,18.55968
"SIN",1,2015-12-04 09:56:00,2016-08-24 10:45:00,1,"545977",-34.13272,18.58141
"SIN",2,2016-09-19 10:50:00,2017-05-31 09:55:00,1,"545977",-34.13272,18.58141
"SIN",3,2017-07-02 09:50:00,2018-05-28 14:26:00,1,"545977",-34.13272,18.58141
"SIN",4,2018-08-06 10:48:00,2019-02-07 10:54:00,1,"545977",-34.13272,18.58141
"SIN",5,2019-03-30 15:16:00,2019-12-11 11:13:00,1,"545977",-34.13272,18.58141
"SIN",6,2020-12-01 09:10:00,2023-05-07 14:11:00,3,"128112, 128108, 129602",-34.13272,18.58141
"SIN",7,2023-06-22 11:51:00,2025-05-06 13:12:00,2,"128114, 108813",-34.13272,18.58141
"SIS",1,2015-12-04 10:35:00,2016-08-24 11:05:00,1,"545976",-34.14262,18.5816
"SIS",2,2016-09-19 10:34:00,2018-05-28 12:56:00,2,"545978",-34.14262,18.5816
"SIS",3,2018-08-06 11:34:00,2019-02-07 10:46:00,1,"545978",-34.14262,18.5816
"SIS",4,2019-03-30 15:28:00,2019-12-11 11:28:00,1,"545978",-34.14262,18.5816
"SIS",5,2021-08-06 15:00:00,2022-02-01 14:37:00,1,"545978",-34.14262,18.5816
"STB001",1,2021-11-07 14:16:00,2022-09-15 09:54:00,1,"551081",-34.77426,20.08425
"STH001",1,2021-12-01 08:59:00,2022-02-14 17:49:00,1,"120166",-32.67975,17.89436667
"STL001",1,2021-04-15 07:21:00,2022-03-05 11:46:00,1,"120133",-28.39005,32.4342
"Santa Maria Inshore",1,2021-03-22,2025-05-01,4,"119633, NA, 123255, 132290",-26.08516667,32.96763333
"Santa Maria Mid",1,2019-03-13,2022-03-20,3,"108549, 132290, NA",-26.09439,33.00689
"Santa Maria North",1,2019-03-12,2025-05-01,6,"102852, NA, 119622, 136520, 123254, 136527",-26.0936,33.01087
"Santa Maria Point",1,2020-03-12,2021-04-22,2,"123194, 108760",-26.085167,32.967633
"Santa Maria South",1,2019-03-13,2022-03-20,3,"114023, 119107, NA",-26.09768,33.00739
"Schoen 80m",1,2018-04-05,2020-03-24,4,"547155, 547135, 547137, 547154",-34.124,25.28967
"Schoen 80m",2,2020-07-25,2022-07-22 08:55:00,4,"547151, 547861, 547845, 547155",-34.124,25.28967
"Schoen 80m",3,2023-01-20 08:25:00,2025-07-02 11:23:00,5,"547136, 547842, 547157, 552860, 547858",-34.124,25.28967
"Scottburgh",1,2015-12-15,2017-01-20,1,"112816",-30.279533,30.767733
"Seal Island MB",1,2016-04-05,2018-03-28,2,"126050, 102297",-34.1509833,22.11875
"Seola Point",1,2021-03-18 08:30:00,2025-08-29 10:35:00,4,"136527, 136523, 133801",-29.249917,31.485167
"Shelly Beach deep",1,2021-03-04 08:53:00,2024-04-27 09:07:00,3,"136529, 123255, 136533",-30.817067,30.422033
"Shelly Beach shallow",1,2021-03-04 08:48:00,2024-04-27 09:42:00,3,"136523, 123254",-30.81485,30.416183
"Slipway",1,2015-02-02,2020-03-04 11:02:00,4,"112802, 112815",-33.97665,25.66695
"Sod1_20m",1,2018-05-22 07:41:00,2020-06-03 10:32:00,2,"129006, 133404",-27.6243,32.66378333
"Sod1_30m",1,2018-05-22 07:48:00,2020-06-03 10:03:00,2,"480059, 133405",-27.62396667,32.66801667
"Sod3_30m",1,2018-05-22 10:11:00,2020-06-04 09:39:00,2,"480060, 133406",-27.91251667,32.60686667
"Something Good",1,2015-02-02,2020-03-04 10:39:00,4,"112801, 112814",-33.98356667,25.68011667
"St Croix",1,2015-07-02 12:00:00,2025-06-06 11:50:00,8,"3103, 100291, 120135, 119621, 127950, 120166",-33.798933,25.773517
"St Croix_ATAP",1,2015-09-29,2025-07-02 09:37:00,19,"119632, 112417, 126032, 120159, 119099, 547153, 547155, 547846, 547135, 547139, 547129, 547137, 547130, NA, 547151, 547134, 547859, 547148, 547866",-33.82751,25.75143
"St Francis - 60m-W",1,2018-11-16,2025-05-09 11:45:00,13,"547140, 547130, 547860, 547154, 547144, 547151, 547129, 547131, 547161, 547148, 547139, 547843",-34.08954,25.07677
"St Francis - BHB",1,2018-11-16,2025-05-09 12:58:00,13,"547132, 547139, 547852, 547137, 547131, 547135, 547842, 547862, 547144, 547168, 547151, 547865",-33.98422,25.21355
"St Francis - CSF",1,2018-11-16,2023-11-08 13:48:00,10,"547136, 547131, 547861, 547129, 547130, 547843, 547134, 547840, 547155",-34.16842,24.89824
"St Francis - CSF",2,2024-05-09 10:41:00,2025-05-09 11:05:00,2,"547852, 547862",-34.16842,24.89824
"St Francis - GAMT",1,2018-11-16,2023-05-03 14:20:00,9,"547159, 547155, 547134, 547845, 547132, 547846, 547852, 547158",-34.01743,25.055
"St Francis - GAMT",2,2023-11-08 15:59:00,2025-05-09 12:15:00,3,"547850, 547136, 547853",-34.01743,25.055
"St Francis - Thys",1,2018-11-16,2023-10-06 19:00:00,10,"547133, 547144, 547151, 547846, 547156, 547158, 547136, 547162, 547130",-34.19773,24.69349
"St Francis - Thys",2,2023-11-09 12:55:00,2025-05-09 10:05:00,3,"547855, 547144, 547131",-34.19773,24.69349
"St. Georges",1,2017-12-15,2020-03-04 12:22:00,2,"112808, 128999",-33.82818333,25.66546667
"Storms River",1,2015-03-06 08:32:00,2022-12-15 10:30:00,6,"120173, 123195, 126045, 119172, 131728, 126050",-34.018863,23.903571
"Strand",1,2022-10-25 12:01:00,2023-05-08 11:10:00,1,"549806",-34.11796,18.80766
"Strand",2,2023-06-22 10:51:00,2025-05-09 11:05:00,2,"128115, 128109",-34.11796,18.80766
"Sundays Krans",1,2015-01-23,2025-05-23,12,"120133, 119631, 119620, 120162, 119167, 120129, 120147, 119174, 138874, 131732, 120145",-33.69511,25.83502
"Sundays Offshore 1",1,2015-05-13,2015-11-06,1,"120169",-33.76546,25.89722
"Sundays Offshore 1",2,2016-11-09,2017-06-02,1,"112417",-33.76546,25.89722
"Sundays Offshore 1",3,2017-12-12,2020-03-19,5,"119171, 547156, 547130, 547860, 547846",-33.76546,25.89722
"Sundays Offshore 1",4,2020-06-08,2025-05-15 11:42:00,10,"547861, 547154, 547144, 547132, 547139, 547852, 547840, 547848, 547850, 547136",-33.76546,25.89722
"Sundays Pipe",1,2015-01-23,2020-12-04 15:00:00,7,"102300, 119624, 119099, 112345, 123188, 126032, 119098",-33.70409,25.84052
"Sundays River mouth",1,2015-02-04,2016-03-29,1,"112809",-33.72525,25.87168333
"Swartkops 1",1,2016-01-28 10:13:00,2024-11-29 12:20:00,6,"120149, 112417, 126033, 119173, 120151, 123200",-33.8588,25.62576
"Swartkops 2",1,2017-07-26 13:45:00,2024-11-29 12:55:00,5,"119098, 112347, 120157, 126039, 138870",-33.86762,25.60852
"T.O. Strand",1,2016-09-21,2017-12-01,1,"126059",-31.037117,30.245433
"TB001",1,2020-02-24 10:50:00,2025-06-20 10:45:00,5,"119100, 120149, 120136, 120168, 126039",-29.78706667,31.07616667
"TNP001",1,2019-02-06 12:17:00,2019-06-20,1,"110166",-34.02798,23.91371
"TNP002",1,2019-02-06 09:16:00,2019-07-22,1,"106610",-34.02692,23.91369
"TNP004",1,2019-02-06 09:38:00,2019-06-20,1,"110163",-34.02801,23.91493
"TNP005",1,2019-02-06 09:48:00,2019-07-22,1,"113606",-34.02901,23.91494
"TNP006",1,2019-02-06 09:53:00,2019-06-20,1,"114718",-34.029,23.9137
"TNP007",1,2019-02-06 10:10:00,2019-06-20,1,"106599",-34.029,23.91246
"TNP009",1,2019-02-06 10:23:00,2019-07-22,1,"113583",-34.02692,23.91242
"TNP010",1,2019-02-06 10:26:00,2019-06-20,1,"121700",-34.02745,23.91307
"TNP011",1,2019-02-06 10:35:00,2019-07-22,1,"114717",-34.02744,23.91432
"TNP012",1,2019-02-06 10:38:00,2019-06-20,1,"106601",-34.02851,23.9143
"TNP013",1,2019-02-06 10:54:00,2019-06-20,1,"113591",-34.02849,23.91307
"TUK30m",1,2022-08-01 11:34:00,2022-11-27 11:50:00,1,"547864",-29.27497,31.49051
"TUK30m",2,2023-08-14 08:00:00,2024-08-27 09:13:00,2,"547853, 547166",-29.27497,31.49051
"TUK60m",1,2022-08-01 12:57:00,2022-11-27 13:10:00,1,"547854",-29.36118,31.63658
"TUK60m",2,2023-08-14 12:00:00,2024-08-27 10:01:00,2,"547849, 547842",-29.36118,31.63658
"TUK80m",1,2022-08-01 14:15:00,2024-08-27 10:51:00,4,"547167, 547841, 547863, 547155",-29.42811,31.77517
"Techobanine 1",1,2015-11-28 09:14:00,2020-02-03 12:40:00,5,"120144, 119619, 112372, 120151, 112438",-26.64916667,32.90308333
"Techobanine 1",2,2020-12-12,2021-12-05,1,"120172",-26.64916667,32.90308333
"Techobanine 2",1,2015-11-28 09:45:00,2021-12-05,7,"120168, 112471, 119168, 120162, 112380, 112460, 119176",-26.64916667,32.90911111
"Techobanine 3",1,2015-11-28,2021-12-05,7,"123196, 112433, 119617, 120173, 112381, 112463, 119104",-26.64916667,32.91513889
"Tinley Manor",1,2015-05-21 08:30:00,2017-08-04,2,"126060, 129004",-29.45311667,31.29273333
"Tinley Manor_ORI",1,2021-02-27 05:50:00,2025-02-12 13:00:00,4,"136520, 136533, 133802, 130588",-29.4461,31.295933
"Toti",1,2015-03-23 09:15:00,2017-05-05,2,"126064, 127057",-30.04766667,30.9019
"Toti Golf",1,2015-03-23 08:30:00,2017-05-05,2,"126065, 127058",-30.01628333,30.9378
"Tyolomnqa",1,2015-05-18 08:10:00,2024-07-30 12:15:00,7,"123192, 123193, 112436, 123203, 112380, 120139, 123191",-33.22471,27.57863
"UM001",1,2015-10-09 05:30:00,2018-12-19 09:10:00,4,"119174, 102855, 126028, 112418",-29.64118333,31.1455
"UMZ001",1,2024-08-21 09:00:00,2025-09-14 13:33:00,1,"545747",-30.631398,30.648901
"UNIM001",1,2019-01-08 11:50:00,2019-02-23 12:10:00,1,"123562",-34.404101,20.861877
"UNIM001",2,2019-03-18 14:01:00,2019-04-14 11:00:00,1,"112319",-34.404101,20.861877
"UNIM002",1,2019-01-08 11:27:00,2019-11-01,1,"108555",-34.418837,20.858162
"UNIM003",1,2019-01-08 08:37:00,2019-11-01,3,"127573",-34.443391,20.875261
"UNIM003b",1,2020-02-14 08:05:00,2021-03-18 12:15:00,2,"127573, 108555",-34.4603301,20.731558
"UNIM004",1,2019-01-08 08:12:00,2019-02-10 09:49:00,1,"108556",-34.452201,20.874914
"UNIM004",2,2019-03-18 12:39:00,2020-01-01,2,"119786",-34.452201,20.874914
"UNIM004b",1,2020-02-13 09:25:00,2020-05-01 09:55:00,1,"119786",-34.45211944,20.8775
"UNIM005",1,2019-01-08 07:38:00,2019-02-23 12:00:00,1,"123564",-34.465451,20.870901
"UNIM005",2,2019-03-18 11:36:00,2020-05-01 11:53:00,3,"112351",-34.465451,20.870901
"UNIM006",1,2019-01-06 13:39:00,2019-04-14 09:40:00,2,"112322",-34.454207,20.677122
"UNIM007",1,2019-01-06 11:17:00,2019-02-17 10:03:00,1,"112323",-34.588587,20.381112
"UNIM007b",1,2019-07-27 13:56:00,2021-11-10,2,"128543",-34.383702,20.896012
"UNIM008b",1,2020-02-14 09:40:00,2021-03-18 16:30:00,2,"108555, 119785",-34.531217,20.473833
"UNIM009",1,2019-01-06 11:32:00,2019-05-26 11:25:00,3,"119785",-34.603363,20.358907
"UNIM009b",1,2019-07-28 11:23:00,2020-05-05 10:45:00,2,"119785",-34.6088,20.3619
"Umdloti_ORI",1,2021-02-25 08:37:00,2025-07-02,4,"136525, 102406, 123252, 136521",-29.666017,31.131583
"Umgababa",1,2015-06-19 10:30:00,2017-08-02,2,"126066, 128998",-30.13781667,30.85271667
"Umgeni River",1,2015-05-28 08:30:00,2017-07-25,2,"126062, 129001",-29.80153333,31.053
"Umtentweni",1,2015-06-12 09:30:00,2017-08-15,2,"112460, 128997",-30.712667,30.489233
"Umzumbe",1,2021-03-04 10:30:00,2023-03-17 09:26:00,2,"136533, 108760",-30.6296,30.550783
"VDRiets",1,2019-11-14 11:08:00,2025-04-25 10:29:00,9,"126031, 546776, 549564, 546784, 545750, 545755, 545673, 549806, 547828",-33.75919,25.79608
"VKV001",1,2024-04-12 14:38:00,2025-03-13 08:51:00,1,"546761",-32.74376667,18.0358
"VKV002",1,2024-04-12 15:46:00,2025-03-13 10:38:00,1,"546770",-32.76528333,18.08878333
"VKV003",1,2024-04-12 14:54:00,2025-03-13 09:15:00,1,"546783",-32.7452,18.0779
"VKV004",1,2024-04-12 15:46:00,2024-08-23,1,"549808",-32.76543333,18.11658333
"VKV005",1,2024-04-12 15:22:00,2025-03-13 09:33:00,1,"547826",-32.73975,18.11981667
"VKV006",1,2024-04-12 15:31:00,2025-03-13 09:57:00,1,"551314",-32.73788333,18.14771667
"Valentina - Seal Island - VPS 01",1,2017-07-13 13:55:00,2018-02-13 14:40:00,1,"119626",-34.149733,22.121367
"Valentina - Seal Island - VPS 03",1,2017-07-13 14:53:00,2018-03-16 11:24:00,1,"123193",-34.149317,22.1271
"Vubu 1",1,2017-10-01 10:05:00,2021-12-20 10:00:00,3,"119022, 112372",-31.61947,29.54604
"Vubu 1",2,2022-08-16 09:55:00,2025-08-11 16:45:00,2,"123201, 120128",-31.61947,29.54604
"WB001",1,2016-05-17 08:27:00,2017-02-28,1,"119102",-34.41953,19.25393
"WB001_b",1,2018-08-31 09:20:00,2020-07-02,4,"126035, 112375, 120169, 133828",-34.50087,19.33779
"WB001_b",2,2021-03-29 10:05:00,2025-06-13 10:00:00,5,"112466, 133822, 119628, 552852, 546785",-34.50087,19.33779
"WB002",1,2016-05-17 08:35:00,2018-08-31 11:34:00,2,"120163, 112418",-34.42059,19.24751
"WB002_b",1,2018-08-31 09:35:00,2025-06-13 10:34:00,9,"126043, 112433, 126042, 112336, 126026, 120157, 131732, 552853, NA",-34.46845,19.31961
"WB003",1,2018-08-31 11:00:00,2020-02-26 10:13:00,3,"120139, 112439, 112466",-34.42593,19.2842
"WB003",2,2021-03-29 12:41:00,2025-05-05 09:54:00,5,"126042, 133826, 131734, 552854, 551315",-34.42593,19.2842
"WB004",1,2016-05-17 09:10:00,2025-06-13 08:39:00,11,"123200, 120144, 120155, 112471, 126039, 120129, 126050, 119105, 120173, 552855, 552857",-34.43622,19.22757
"WP001",1,2022-05-18 09:43:00,2025-05-14 11:39:00,4,"136524, 123252, 139330",-27.76745,32.63227
"WRA",1,2015-12-03 12:47:00,2018-04-19 15:10:00,3,"128103, 108815, 108886",-34.24647,18.5599
"WRA",2,2018-12-05 10:10:00,2020-09-02 16:59:00,2,"128108, 108885",-34.24647,18.5599
"Wells Estate",1,2015-04-02,2017-10-21,2,"112806",-33.83911667,25.65618333
"Wells Estate",2,2017-12-15,2018-08-22,1,"112806",-33.83911667,25.65618333
"Woody Cape",1,2015-04-02,2016-03-29,1,"112812",-33.76771667,26.28958333
"Woody Cape Offshore 1",1,2015-02-04,2023-04-13 14:19:00,16,"112441, 102856, 123191, 126029, 120171, 112463, 547131, 547843, 547134, 547129, 547132, 547151, 547852, 547158, 547155",-33.75607,26.22909
"Woody Cape Offshore 1",2,2023-10-18 13:58:00,2025-04-10 10:54:00,3,"547139, 547843, 547849",-33.75607,26.22909
"Woody Cape West",1,2015-05-13,2015-11-02,1,"119635",-33.7358,26.05983
"Woody Cape West",2,2016-06-06,2019-04-25,6,"112434, 102851, 119630, 123200, 547152, 547129",-33.7358,26.05983
"Woody Cape West",3,2019-10-18,2020-03-19,1,"547845",-33.7358,26.05983
"Woody Cape West",4,2020-06-08,2025-05-15 11:04:00,10,"547134, 547845, 547130, 547135, 547846, 547129, 547131, 547857, 547855, 547144",-33.7358,26.05983
"Woody Cape-BI",1,2015-04-02,2016-03-29,1,"112813",-33.80708333,26.29148333
"Zinkwazi",1,2015-03-11 07:30:00,2016-06-28,1,"126058",-29.28196667,31.45466667
